{
  "project_info": {
    "project_number": "639110225579",
    "project_id": "eco-tract-355708",
    "storage_bucket": "eco-tract-355708.appspot.com"
  },
  "client": [
    {
      "client_info": {
        "mobilesdk_app_id": "1:639110225579:android:af6061ef73932264ec21ee",
        "android_client_info": {
          "package_name": "com.example.meval_mki"
        }
      },
      "oauth_client": [
        {
          "client_id": "639110225579-cep4fnvhde5loebdrnmmrn6a45joncm6.apps.googleusercontent.com",
          "client_type": 1,
          "android_info": {
            "package_name": "com.example.meval_mki",
            "certificate_hash": "b437a19c2afd2028758ba2b6d389b8b279b65f8f"
          }
        },
        {
          "client_id": "639110225579-ee17ncvtr8jq81vo4cv8mrf386i7oo0h.apps.googleusercontent.com",
          "client_type": 1,
          "android_info": {
            "package_name": "com.example.meval_mki",
            "certificate_hash": "5caf63a8593c8f1b82838bfe505810ca2eb7f3fa"
          }
        },
        {
          "client_id": "639110225579-hs40dp4qi5g4dke568s27e5ruiffqgbe.apps.googleusercontent.com",
          "client_type": 1,
          "android_info": {
            "package_name": "com.example.meval_mki",
            "certificate_hash": "bfffe74e1dd6d992da982f3815c1b0c4b8e5a7f5"
          }
        },
        {
          "client_id": "639110225579-j9llfvddj4380ig5f7lni7n160bi035p.apps.googleusercontent.com",
          "client_type": 1,
          "android_info": {
            "package_name": "com.example.meval_mki",
            "certificate_hash": "88603a0f5c7f0fc831c87c0c1cc47efa1d37a731"
          }
        },
        {
          "client_id": "639110225579-m8ojkr1bn4ssdj4ofl5s50n7nbrn87rt.apps.googleusercontent.com",
          "client_type": 3
        }
      ],
      "api_key": [
        {
          "current_key": "AIzaSyA4SzyH4ejvpgqmI90QKs3-0eAc5UsKvHI"
        }
      ],
      "services": {
        "appinvite_service": {
          "other_platform_oauth_client": [
            {
              "client_id": "639110225579-m8ojkr1bn4ssdj4ofl5s50n7nbrn87rt.apps.googleusercontent.com",
              "client_type": 3
            },
            {
              "client_id": "639110225579-pm3sqeu5js0p1nfdqsmgntcfc2dratk7.apps.googleusercontent.com",
              "client_type": 2,
              "ios_info": {
                "bundle_id": "jp.co.mki.meval-mki-enviroment"
              }
            }
          ]
        }
      }
    }
  ],
  "configuration_version": "1"
}