{
  "authors": "Google, Inc.",
  "dependencies": {
    "GTMSessionFetcher/Core": [
      "~> 2.1"
    ],
    "GoogleToolboxForMac/Logger": [
      "~> 2.1"
    ],
    "GoogleToolboxForMac/NSData+zlib": [
      "~> 2.1"
    ],
    "MLImage": [
      " 1.0.0-beta3"
    ],
    "MLKitCommon": "~> 8.0",
    "Protobuf": [
      "~> 3.12"
    ]
  },
  "description": "This is the top level pod for ML Kit for vision based features on iOS. ML Kit is a mobile SDK that brings Google's machine learning expertise to mobile devices in a powerful yet easy-to-use package.",
  "frameworks": [
    "Accelerate",
    "AVFoundation",
    "CoreGraphics",
    "CoreMedia",
    "CoreVideo",
    "Foundation",
    "UIKit"
  ],
  "homepage": "https://developers.google.com/ml-kit/guides",
  "license": {
    "text": "Copyright 2022 Google",
    "type": "Copyright"
  },
  "module_name": "MLKitVision",
  "name": "MLKitVision",
  "platforms": {
    "ios": "10.0"
  },
  "pod_target_xcconfig": {
    "EXCLUDED_ARCHS[sdk=iphonesimulator*]": "arm64"
  },
  "preserve_paths": [
    "CHANGELOG.md",
    "README.md",
    "NOTICES"
  ],
  "source": {
    "http": "https://dl.google.com/dl/cpdc/cdb0c0b1b268d456/MLKitVision-4.2.0.tar.gz"
  },
  "summary": "ML Kit Vision SDK for iOS",
  "user_target_xcconfig": {
    "EXCLUDED_ARCHS[sdk=iphonesimulator*]": "arm64"
  },
  "vendored_frameworks": [
    "Frameworks/MLKitVision.framework"
  ],
  "version": "4.2.0"
}
